country	year	average	is_estimate
AR	2004	303023.8125	False
AR	2003	280744.0	False
AR	2002	255540.90625	False
AR	2001	310569.0	False
AR	2000	331581.59375	False
AR	1999	339681.8125	False
AR	1998	359194.3125	False
AR	1997	351657.6875	False
AR	1973	313883.1875	False
AR	1972	297623.5	False
AR	1971	290764.90625	False
AR	1970	279292.0	False
AR	1961	239268.90625	False
AR	1960	216068.796875	False
AR	1959	202943.0	False
AR	1958	223821.703125	False
AR	1957	214007.5	False
AR	1956	207019.203125	False
AR	1955	205755.703125	False
AR	1954	195310.40625	False
AR	1953	191398.796875	False
AR	1952	184924.0	False
AR	1951	200997.0	False
AR	1950	197153.796875	False
AU	2016	77975.296875	False
AU	2015	77445.703125	False
AU	2014	76906.8984375	False
AU	2013	76751.3984375	False
AU	2012	76186.5	False
AU	2011	73943.0	False
AU	2010	72966.296875	False
AU	2009	73423.8984375	False
AU	2008	73551.8984375	False
AU	2007	72116.1015625	False
AU	2006	71343.203125	False
AU	2005	70553.296875	False
AU	2004	70267.296875	False
AU	2003	68080.5	False
AU	2002	66864.0	False
AU	2001	65085.8984375	False
AU	2000	65025.8007812	False
AU	1999	63089.0	False
AU	1998	61012.3007812	False
AU	1997	59115.6015625	False
AU	1996	57305.0	False
AU	1995	55618.0	False
AU	1994	54514.6015625	False
AU	1993	53141.6992188	False
AU	1992	51414.0	False
AU	1991	51864.8007812	False
AU	1990	53449.1992188	False
AU	1989	53108.3007812	False
AU	1988	52397.8984375	False
AU	1987	50453.1015625	False
AU	1986	50585.8984375	False
AU	1985	49936.1992188	False
AU	1984	48561.3984375	False
AU	1983	47513.6015625	False
AU	1982	49940.1015625	False
AU	1981	49544.8007812	False
AU	1980	48980.3984375	False
AU	1979	48614.1992188	False
AU	1978	47445.6015625	False
AU	1977	48198.5	False
AU	1976	47201.6992188	False
AU	1975	47037.6992188	False
AU	1974	46686.8984375	False
AU	1973	45342.5	False
AU	1972	44932.3984375	False
AU	1971	44110.5	False
AU	1970	43766.3984375	False
AU	1969	42527.1015625	False
AU	1968	40218.3984375	False
AU	1967	39547.5	False
AU	1966	37532.0	False
AU	1965	37469.1992188	False
AU	1964	36608.8984375	False
AU	1963	34584.8984375	False
AU	1962	32929.0	False
AU	1961	32902.5	False
AU	1960	32460.5996094	False
AU	1959	31831.9003906	False
AU	1958	30503.0996094	False
AU	1957	29642.8007812	False
AU	1956	29713.6992188	False
AU	1955	29286.8007812	False
AU	1954	28180.0996094	False
AU	1953	26863.4003906	False
AU	1952	26524.8007812	False
AU	1951	26910.6992188	False
AU	1950	26328.3007812	False
BR	2015	37113.4815254	False
BR	2014	39518.8828337	False
BR	2013	42218.1025811	False
BR	2012	40562.3134057	False
BR	2011	39976.691835	False
BR	2010	38894.4990315	False
BR	2009	37271.5465998	False
BR	2008	38209.6631671	False
BR	2007	37439.3511504	False
BR	2006	35849.8668271	False
BR	2005	35184.1757366	False
BR	2004	34893.6807667	False
BR	2003	33533.2729487	False
BR	2002	33939.0477022	False
BR	2001	33866.3817908	False
CA	2000	56502.6992188	False
CA	1999	53655.6992188	False
CA	1998	51388.3984375	False
CA	1997	50469.1015625	False
CA	1996	48937.0	False
CA	1995	48789.5	False
CA	1994	47946.1992188	False
CA	1993	46510.0	False
CA	1992	45632.3007812	False
CA	1991	46052.5	False
CA	1990	47574.3007812	False
CA	1989	48698.6015625	False
CA	1988	48827.8984375	False
CA	1987	47452.0	False
CA	1986	45970.5	False
CA	1985	45979.3007812	False
CA	1984	44560.3007812	False
CA	1983	42686.0	False
CA	1982	41858.3984375	False
CA	1981	44876.8984375	False
CA	1980	44849.6015625	False
CA	1979	45267.0	False
CA	1978	44734.3984375	False
CA	1977	44317.6992188	False
CA	1976	44082.6992188	False
CA	1975	42585.8007812	False
CA	1974	43513.8984375	False
CA	1973	43616.6992188	False
CA	1972	41718.0	False
CA	1971	40320.8007812	False
CA	1970	39680.5	False
CA	1969	39706.6015625	False
CA	1968	38644.3007812	False
CA	1967	37523.8984375	False
CA	1966	37596.0	False
CA	1965	36112.6015625	False
CA	1964	34667.1992188	False
CA	1963	33044.1992188	False
CA	1962	31811.3007812	False
CA	1961	29968.1992188	False
CA	1960	28371.9003906	False
CA	1959	28094.3007812	False
CA	1958	27512.0	False
CA	1957	27646.9003906	False
CA	1956	27469.5996094	False
CA	1955	25835.0996094	False
CA	1954	23949.8007812	False
CA	1953	24844.5996094	False
CA	1952	24269.8007812	False
CA	1951	23071.9003906	False
CA	1950	22294.3007812	False
CH	2014	77924.5703125	False
CH	2013	78502.2265625	False
CH	2012	78384.6171875	False
CH	2011	77756.15625	False
CH	2010	81175.2109375	False
CH	2009	75722.7578125	False
CH	2008	71565.859375	False
CH	2007	76344.4296875	False
CH	2006	80340.6015625	False
CH	2005	77545.84375	False
CH	2004	74195.7109375	False
CH	2003	73707.890625	False
CH	2002	70904.2265625	False
CH	2001	73685.421875	False
CH	2000	75866.4296875	False
CH	1999	72125.1171875	False
CH	1998	72017.6328125	False
CH	1997	70338.6328125	False
CH	1996	67595.734375	False
CH	1995	67553.3359375	False
CH	1993	70045.6015625	False
CH	1991	71296.15625	False
CH	1989	71268.65625	False
CH	1987	68646.7578125	False
CH	1985	67195.6015625	False
CH	1983	62331.34375	False
CH	1981	61739.484375	False
CH	1980	60876.1289062	False
CH	1979	60796.6953125	False
CH	1978	60337.3398438	False
CH	1977	60691.8007812	False
CH	1976	59077.515625	False
CH	1975	58790.8203125	False
CH	1974	61656.796875	False
CH	1973	60846.390625	False
CH	1972	60479.359375	False
CH	1971	59016.6953125	False
CH	1970	56090.7695312	False
CH	1969	53321.3710938	False
CH	1968	51160.4921875	False
CH	1967	50288.8515625	False
CH	1966	49735.359375	False
CH	1965	49572.2578125	False
CH	1964	49069.0117188	False
CH	1963	47459.109375	False
CH	1962	46112.6289062	False
CH	1961	44796.09375	False
CH	1960	41751.2851562	False
CH	1959	39542.703125	False
CH	1958	37561.359375	False
CH	1957	39323.0195312	False
CH	1956	38160.7734375	False
CH	1955	35970.7148438	False
CH	1954	33966.6132812	False
CH	1953	32512.9160156	False
CH	1952	31922.8632812	False
CH	1951	32369.0585938	False
CH	1950	30089.5136719	False
CI	2014	911463.395061	False
CI	2008	871787.865983	False
CI	2002	952253.999442	False
CI	1998	1083154.93967	False
CI	1993	1069159.56631	False
CI	1988	1567460.16717	False
CN-RU	2015	23911.320455	False
CN-RU	2014	22897.0631703	False
CN-RU	2013	21107.4082343	False
CN-RU	2012	19857.9414381	False
CN-RU	2011	18506.5786561	False
CN-RU	2010	17067.7261107	False
CN-RU	2009	15554.5339299	False
CN-RU	2008	14881.8263321	False
CN-RU	2007	14155.6486726	False
CN-RU	2006	12752.0015457	False
CN-RU	2005	11656.7871657	False
CN-RU	2004	10922.6191105	False
CN-RU	2003	10259.0035413	False
CN-RU	2002	9998.96300454	False
CN-RU	2001	9930.57829381	False
CN-RU	2000	9738.53249541	False
CN-RU	1999	9975.22609756	False
CN-RU	1998	10139.4323277	False
CN-RU	1997	10091.9307035	False
CN-RU	1996	9951.46069147	False
CN-RU	1995	9403.41190478	False
CN-RU	1994	9137.10530932	False
CN-RU	1993	8871.56073596	False
CN-RU	1992	9271.22965785	False
CN-RU	1991	8777.63372502	False
CN-RU	1990	8442.29832976	False
CN-RU	1989	8911.06077112	False
CN-RU	1988	9813.40062514	False
CN-RU	1987	9352.98427959	False
CN-RU	1986	8998.50123467	False
CN-RU	1985	9119.40108264	False
CN-RU	1984	7802.86932751	False
CN-RU	1983	6639.95883271	False
CN-RU	1982	6039.53779428	False
CN-RU	1981	5803.50288013	False
CN-RU	1980	5540.92745996	False
CN-RU	1979	5360.3799893	False
CN-RU	1978	5142.78291033	False
CN-UR	2015	83704.2440456	False
CN-UR	2014	80143.4362389	False
CN-UR	2013	74498.4875233	False
CN-UR	2012	68950.2722012	False
CN-UR	2011	64751.0973523	False
CN-UR	2010	61742.3610761	False
CN-UR	2009	58013.4839575	False
CN-UR	2008	54268.9041274	False
CN-UR	2007	51039.0568351	False
CN-UR	2006	45656.9492752	False
CN-UR	2005	41066.5429442	False
CN-UR	2004	37556.364448	False
CN-UR	2003	34510.4265284	False
CN-UR	2002	31980.8788878	False
CN-UR	2001	28930.4134389	False
CN-UR	2000	27264.3049547	False
CN-UR	1999	26533.6509541	False
CN-UR	1998	25572.1359801	False
CN-UR	1997	25033.9815039	False
CN-UR	1996	24991.8244461	False
CN-UR	1995	25520.8651707	False
CN-UR	1994	26209.1789032	False
CN-UR	1993	24866.0124035	False
CN-UR	1992	24023.9078047	False
CN-UR	1991	21222.1627216	False
CN-UR	1990	18731.8407788	False
CN-UR	1989	20559.5423223	False
CN-UR	1988	21467.6008459	False
CN-UR	1987	20467.1714729	False
CN-UR	1986	19323.7588208	False
CN-UR	1985	17176.8599512	False
CN-UR	1984	14495.4665841	False
CN-UR	1983	12280.1824069	False
CN-UR	1982	11969.0668691	False
CN-UR	1981	11117.253431	False
CN-UR	1980	10797.5944807	False
CN-UR	1979	10357.0830021	False
CN-UR	1978	9979.19047497	False
CN	2015	57455.0691161	False
CN	2014	54251.1073862	False
CN	2013	49794.2455612	False
CN	2012	45665.8255283	False
CN	2011	42216.270335	False
CN	2010	39382.5535633	False
CN	2009	36079.91401	False
CN	2008	33389.6206979	False
CN	2007	31081.1681993	False
CN	2006	27343.0470821	False
CN	2005	24300.0359914	False
CN	2004	22044.8744368	False
CN	2003	20088.1601324	False
CN	2002	18591.6470649	False
CN	2001	17085.8665773	False
CN	2000	16086.3235813	False
CN	1999	15734.1977304	False
CN	1998	15286.2625569	False
CN	1997	14859.9306032	False
CN	1996	14535.7429859	False
CN	1995	14083.9809987	False
CN	1994	14004.3201547	False
CN	1993	13348.4192147	False
CN	1992	13322.2937224	False
CN	1991	12130.219617	False
CN	1990	11159.7345518	False
CN	1989	11964.1579613	False
CN	1988	12821.8939002	False
CN	1987	12167.0187142	False
CN	1986	11530.7619313	False
CN	1985	11029.5746964	False
CN	1984	9343.12199675	False
CN	1983	7859.57560731	False
CN	1982	7292.47624715	False
CN	1981	6874.56897833	False
CN	1980	6560.25382373	False
CN	1979	6307.80835341	False
CN	1978	6009.23539123	False
CO	2010	21691074.0	False
CO	2009	21063916.0	False
CO	2008	21425600.0	False
CO	2007	21093502.0	False
CO	2006	20311346.0	False
CO	2005	19114274.0	False
CO	2004	18635544.0	False
CO	2003	17898702.0	False
CO	2002	17826506.0	False
CO	2001	17894162.0	False
CO	2000	18369722.0	False
CO	1999	17988372.0	False
CO	1998	18960226.0	False
CO	1997	19937294.0	False
CO	1996	20015300.0	False
CO	1995	20955134.0	False
CO	1994	20708510.0	False
CZ	2015	399086.656076	False
CZ	2014	377301.347352	False
CZ	2013	370644.531755	False
CZ	2012	374243.579835	False
CZ	2011	372776.072098	False
CZ	2010	365771.867593	False
CZ	2009	360838.119385	False
CZ	2008	391976.777873	False
CZ	2007	388743.724761	False
CZ	2006	372723.264243	False
CZ	2005	356708.010871	False
CZ	2004	335078.034073	False
CZ	2003	323204.767311	False
CZ	2002	312218.250372	False
CZ	2001	309541.414251	False
CZ	2000	302456.893966	False
CZ	1999	293872.797127	False
CZ	1998	295884.403707	False
CZ	1997	300382.982004	False
CZ	1996	310593.703251	False
CZ	1995	301444.823897	False
CZ	1994	296340.958506	False
CZ	1993	288186.97562	False
CZ	1992	285364.122065	False
DE	2016	40297.0	False
DE	2015	39640.3007812	False
DE	2014	39105.1015625	False
DE	2013	38629.6992188	False
DE	2012	38587.6992188	False
DE	2011	38686.6015625	False
DE	2010	37106.6015625	False
DE	2009	35629.6015625	False
DE	2008	37732.8007812	False
DE	2007	37809.3984375	False
DE	2006	36803.8984375	False
DE	2005	35137.8007812	False
DE	2004	34958.0	False
DE	2003	33939.8984375	False
DE	2002	34211.1015625	False
DE	2001	34566.1015625	False
DE	2000	34232.3984375	False
DE	1999	33434.3984375	False
DE	1998	32931.0	False
DE	1997	32435.8007812	False
DE	1996	32004.9003906	False
DE	1995	31868.5	False
DE	1994	31518.5996094	False
DE	1993	31080.5996094	False
DE	1992	31905.0	False
DE	1991	31670.9003906	False
DE	1990	33496.3984375	False
DE	1989	32537.4003906	False
DE	1988	31827.5	False
DE	1987	30824.5	False
DE	1986	30784.8007812	False
DE	1985	30354.5	False
DE	1984	29796.3007812	False
DE	1983	28981.0	False
DE	1982	28578.5996094	False
DE	1981	29045.8007812	False
DE	1980	29444.5	False
DK	2010	392478.83462	False
DK	2009	379210.825518	False
DK	2008	403516.263866	False
DK	2007	404954.042809	False
DK	2006	409248.709927	False
DK	2005	392487.748401	False
DK	2004	375944.739795	False
DK	2003	360331.242516	False
DK	2002	358119.756637	False
DK	2001	355563.935773	False
DK	2000	352219.390014	False
DK	1999	343203.804092	False
DK	1998	333760.821393	False
DK	1997	327376.978522	False
DK	1996	318305.943032	False
DK	1995	309450.224985	False
DK	1994	303812.76902	False
DK	1993	290114.138029	False
DK	1992	291834.833006	False
DK	1991	284084.3812	False
DK	1990	283551.302514	False
DK	1989	281482.682599	False
DK	1988	282184.893751	False
DK	1987	287749.705921	False
DK	1986	289805.328987	False
DK	1985	273785.816496	False
DK	1984	264303.700001	False
DK	1983	255783.285154	False
DK	1982	248910.0642	False
DK	1981	243724.704868	False
DK	1980	251630.551008	False
DK	1979	256077.425471	False
DK	1978	251380.27909	False
DK	1977	243658.091928	False
DK	1976	239829.408025	False
DK	1975	224667.131569	False
DK	1974	228124.809047	False
DK	1973	242106.200545	False
DK	1972	231336.118014	False
DK	1971	222040.467095	False
DK	1970	218685.512643	False
DK	1968	197478.914712	False
DK	1967	189988.250503	False
DK	1966	181252.056155	False
DK	1965	178649.080393	False
DK	1964	171350.02771	False
DK	1963	156336.069548	False
DK	1962	157594.310342	False
DK	1961	150455.989494	False
DK	1960	142780.757377	False
DK	1959	140670.450057	False
DK	1958	131383.102888	False
DK	1957	129705.237462	False
DK	1956	120601.96441	False
DK	1955	120433.65274	False
DK	1954	120065.865361	False
DK	1953	118553.826102	False
DK	1952	112424.922933	False
DK	1951	112517.53733	False
DK	1950	112978.532624	False
EG	2015	45416.1672445	False
EG	2012	43565.1520807	False
EG	2010	43612.4659252	False
EG	2008	45179.0506196	False
EG	2004	38516.8742508	False
EG	1999	37893.1396939	False
ES	2012	22849.8085938	False
ES	2011	23393.4863281	False
ES	2010	23905.578125	False
ES	2009	23967.6308594	False
ES	2008	24997.4023438	False
ES	2007	25332.9824219	False
ES	2006	25158.3027344	False
ES	2005	24768.0214844	False
ES	2004	24582.0058594	False
ES	2003	24424.8164062	False
ES	2002	24136.5097656	False
ES	2001	23949.4257812	False
ES	2000	23514.9550781	False
ES	1999	22630.5839844	False
ES	1998	22404.4492188	False
ES	1997	21540.421875	False
ES	1996	20845.2792969	False
ES	1995	20527.7617188	False
ES	1994	19799.2832031	False
ES	1993	19736.640625	False
ES	1992	20435.1875	False
ES	1991	20447.984375	False
ES	1990	20120.109375	False
ES	1989	19492.7382812	False
ES	1988	18496.7714844	False
ES	1987	17647.5996094	False
ES	1986	16597.6679688	False
ES	1985	15995.3740234	False
ES	1984	15635.9404297	False
ES	1983	15716.9765625	False
ES	1982	15756.7675781	False
ES	1981	15723.7373047	False
ES	1971	12138.4248047	False
ES	1961	6833.18164062	False
ES	1959	6171.92822266	False
ES	1958	6291.28466797	False
ES	1957	5890.15576172	False
ES	1955	5455.41503906	False
ES	1954	5327.22216797	False
ES	1953	5098.92431641	False
ES	1952	5145.25292969	False
ES	1951	4743.20458984	False
ES	1950	4301.73876953	False
ES	1949	4297.38671875	False
ES	1948	4346.24804688	False
ES	1947	4407.95214844	False
ES	1946	4418.25878906	False
ES	1945	4297.12939453	False
ES	1944	4759.07958984	False
ES	1943	4589.79003906	False
ES	1942	4432.859375	False
ES	1941	4190.12353516	False
ES	1940	4226.84619141	False
ES	1935	5144.84326172	False
FR	2014	35777.813	False
FR	2013	35566.563	False
FR	2012	35466.406	False
FR	2011	36058.992	False
FR	2010	35475.777	False
FR	2009	34820.051	False
FR	2008	36570.406	False
FR	2007	36995.984	False
FR	2006	36443.426	False
FR	2005	35868.117	False
FR	2004	35552.898	False
FR	2003	34812.82	False
FR	2002	34820.551	False
FR	2001	35162.059	False
FR	2000	34927.852	False
FR	1999	34022.281	False
FR	1998	32836.828	False
FR	1997	31778.926	False
FR	1996	31041.828	False
FR	1995	30602.041	False
FR	1994	30125.445	False
FR	1993	29702.311	False
FR	1992	30211.635	False
FR	1991	29961.91	False
FR	1990	30165.145	False
FR	1989	29670.08	False
FR	1988	28778.686	False
FR	1987	27738.578	False
FR	1986	27230.828	False
FR	1985	26636.584	False
FR	1984	26287.436	False
FR	1983	26182.055	False
FR	1982	26281.09	False
FR	1981	26054.697	False
FR	1980	26148.645	False
FR	1979	26113.676	False
FR	1978	25428.182	False
FR	1977	24686.793	False
FR	1976	24174.99	False
FR	1975	23348.385	False
FR	1974	23792.246	False
FR	1973	23121.895	False
FR	1972	22048.701	False
FR	1971	21365.26	False
FR	1970	20551.426	False
GB	2014	32403.9201272	False
GB	2013	32151.775152	False
GB	2012	31886.933118	False
GB	2011	32251.3618153	False
GB	2010	32092.1786625	False
GB	2009	32462.4387013	False
GB	2008	34231.6186948	False
GB	2007	34288.9074805	False
GB	2006	34188.4210327	False
GB	2005	33613.4012286	False
GB	2004	32918.1448085	False
GB	2003	32519.5723182	False
GB	2002	31276.3396135	False
GB	2001	30707.1768218	False
GB	2000	30221.2112252	False
GB	1999	29741.6596845	False
GB	1998	28778.2969666	False
GB	1997	27785.1997848	False
GB	1996	27082.227329	False
GB	1995	26505.847129	False
GB	1994	25759.9382434	False
GB	1993	24969.0904642	False
GB	1992	24305.4150699	False
GB	1991	24112.3085313	False
GB	1990	24632.1730127	False
GH	1959	8055.2129	False
GH	1958	7214.1436	False
GH	1957	7607.8477	False
GH	1956	7606.8643	False
GH	1955	7416.2983	False
GH	1954	8257.3545	False
GH	1953	7533.3013	False
GH	1952	6789.707	False
GH	1951	7163.4409	False
HU	2008	3081257.0	False
HU	2007	3099583.0	False
HU	2006	3226617.25	False
HU	2005	3141402.75	False
HU	2004	3054267.25	False
HU	2003	2955513.5	False
HU	2002	2795172.0	False
HU	2001	2559666.0	False
HU	2000	2439494.75	False
HU	1999	2310995.0	False
HU	1998	2285684.0	False
HU	1997	2199701.25	False
HU	1996	2120168.25	False
HU	1995	2185806.5	False
HU	1994	2109635.25	False
HU	1993	2040556.625	False
HU	1992	2076545.625	False
HU	1988	2578543.75	False
HU	1986	2423315.5	False
HU	1984	2481971.0	False
HU	1982	2496956.5	False
HU	1980	2355963.25	False
HU	1978	2460448.5	False
HU	1976	2237347.0	False
HU	1974	2093244.0	False
HU	1972	1946640.375	False
HU	1970	1778468.0	False
HU	1968	1588003.625	False
HU	1966	1368689.875	False
HU	1964	1306855.0	False
HU	1962	1204724.0	False
HU	1961	1161168.875	False
HU	1960	1115399.375	False
HU	1958	871306.0625	False
HU	1957	867374.9375	False
HU	1956	663165.6875	False
HU	1955	779696.625	False
HU	1951	752504.25	False
IN	2013	139758.528611	False
IN	2012	134295.20098	False
IN	2011	131326.257777	False
IN	2010	124478.001764	False
IN	2009	116251.268522	False
IN	2008	111871.695283	False
IN	2007	108729.595704	False
IN	2006	100868.621512	False
IN	2005	94205.5799136	False
IN	2004	88560.7104875	False
IN	2003	83411.0113786	False
IN	2002	79852.2176427	False
IN	2001	78517.5274042	False
IN	2000	77605.7327589	False
IN	1999	75701.6887364	False
IN	1998	72479.1985786	False
IN	1997	74352.569645	False
IN	1996	72843.5360601	False
IN	1995	70725.9521824	False
IN	1994	68023.7006869	False
IN	1993	65328.945151	False
IN	1992	62006.8438352	False
IN	1991	62299.6936784	False
IN	1990	63504.6706284	False
IN	1989	61037.1937592	False
IN	1988	57217.0128795	False
IN	1987	54940.6422081	False
IN	1986	54194.2063846	False
IN	1985	54023.0977547	False
IN	1984	51681.3099661	False
IN	1983	51173.050935	False
IN	1982	51261.5695075	False
IN	1981	50643.4018159	False
IN	1980	49917.4636243	False
IN	1979	48653.4723326	False
IN	1978	48407.0726016	False
IN	1977	46482.4907882	False
IN	1976	46261.000132	False
IN	1975	40396.0956893	False
IN	1974	40000.7051032	False
IN	1973	44766.4973942	False
IN	1972	45174.1792156	False
IN	1971	44993.5057024	False
IN	1970	45642.6903394	False
IN	1969	44398.4963211	False
IN	1968	42430.7686177	False
IN	1967	42198.8538426	False
IN	1966	39536.6050893	False
IN	1965	39850.1350519	False
IN	1964	42416.084236	False
IN	1963	39913.4308688	False
IN	1962	38563.0409918	False
IN	1961	38360.8273474	False
IN	1960	37885.3162085	False
IN	1959	35923.1601518	False
IN	1958	35825.4361005	False
IN	1957	33786.8778684	False
IN	1956	34808.4740463	False
IN	1955	33265.9532453	False
IN	1954	33049.0981993	False
IN	1953	32216.0134499	False
IN	1952	30656.3341116	False
IN	1951	30128.6039796	False
IQ	2007	5598165.27433	False
IR	2013	184237681.361	False
IR	2010	218541161.88	False
IT	2009	29101.6963384	False
IT	2008	31008.0976833	False
IT	2007	32150.6789601	False
IT	2006	32030.2015744	False
IT	2005	31471.0008661	False
IT	2004	31372.9051613	False
IT	2003	31094.1804942	False
IT	2002	31301.3682701	False
IT	2001	31531.5512072	False
IT	2000	31053.9651155	False
IT	1999	30117.6676147	False
IT	1998	29658.3557738	False
IT	1997	29345.3644093	False
IT	1996	28787.9651547	False
IT	1995	28475.0252429	False
IT	1994	27573.0862301	False
IT	1993	27215.8956851	False
IT	1992	27736.176127	False
IT	1991	28074.2117677	False
IT	1990	27970.7574143	False
IT	1989	27845.1318525	False
IT	1988	27250.8393843	False
IT	1987	26350.2609326	False
IT	1986	25695.8640001	False
IT	1985	25181.2437341	False
IT	1984	24816.2190256	False
IT	1983	24214.9866539	False
IT	1982	24039.448083	False
IT	1981	24234.3914799	False
IT	1980	24669.8073135	False
IT	1979	23972.1928801	False
IT	1978	22576.4922537	False
IT	1977	21918.8030416	False
IT	1976	21525.286559	False
IT	1975	20129.9036637	False
IT	1974	20998.2874943	False
JO	2013	5631.91462668	False
JO	2010	5838.92371755	False
JO	2008	6399.23549391	False
JO	2006	6067.49272455	False
JO	2002	5177.274375	False
JO	1992	4498.84447246	False
JP	2010	3767235.0	False
JP	2009	3573725.5	False
JP	2008	3839540.8	False
JP	2007	3945474.3	False
JP	2006	3876082.8	False
JP	2005	3813083.5	False
JP	2004	3751461.5	False
JP	2003	3656224.5	False
JP	2002	3603724.8	False
JP	2001	3626050.5	False
JP	2000	3628293.8	False
JP	1999	3550775.0	False
JP	1998	3605523.0	False
JP	1997	3713132.5	False
JP	1996	3733549.3	False
JP	1995	3629336.5	False
JP	1994	3537511.8	False
JP	1993	3557752.3	False
JP	1992	3616041.3	False
JP	1991	3658445.5	False
JP	1990	3617368.3	False
JP	1989	3468923.8	False
JP	1988	3345614.5	False
JP	1987	3153693.0	False
JP	1986	3068541.0	False
JP	1985	3030145.3	False
JP	1984	2877641.0	False
JP	1983	2787751.0	False
JP	1982	2746825.5	False
JP	1981	2692792.0	False
JP	1980	2643785.5	False
JP	1979	2568793.3	False
JP	1978	2446401.0	False
JP	1977	2369703.0	False
JP	1976	2304759.8	False
JP	1975	2245143.3	False
JP	1974	2184549.8	False
JP	1973	2213741.3	False
JP	1972	2085544.9	False
JP	1971	1973670.5	False
JP	1970	1913393.6	False
JP	1969	1796071.5	False
JP	1968	1647760.8	False
JP	1967	1515933.4	False
JP	1966	1413542.3	False
JP	1965	1297684.8	False
JP	1964	1283753.6	False
JP	1963	1210406.0	False
JP	1962	1162619.1	False
JP	1961	1112496.6	False
JP	1960	1034254.6	False
JP	1959	956419.31	False
JP	1958	900415.88	False
JP	1957	861528.0	False
JP	1956	809526.81	False
JP	1955	780983.13	False
JP	1954	725633.38	False
JP	1953	709091.81	False
JP	1952	687638.31	False
JP	1951	649979.0	False
JP	1950	559653.88	False
JP	1949	544810.19	False
JP	1948	496319.41	False
JP	1947	459214.91	False
JP	1946	387227.5	False
KE	1970	221386.02	False
KE	1969	241454.61	False
KE	1968	229508.61	False
KE	1967	217912.39	False
KE	1966	216707.11	False
KE	1965	191598.03	False
KE	1964	192887.53	False
KE	1963	187484.38	False
KE	1962	174667.66	False
KE	1961	161180.91	False
KE	1960	179298.44	False
KE	1959	175467.16	False
KE	1958	174420.55	False
KE	1957	176090.8	False
KE	1956	173747.63	False
KE	1955	167454.86	False
KE	1954	158683.28	False
KE	1953	144188.34	False
KE	1952	151837.94	False
KE	1951	176457.41	False
KE	1950	145135.47	False
KR	2016	32982536.0	False
KR	2015	32304968.0	False
KR	2014	31827440.0	False
KR	2013	31432330.0	False
KR	2012	31081460.0	False
KR	2011	30783720.0	False
KR	2010	30157582.0	False
KR	2009	28209204.0	False
KR	2008	28710644.0	False
KR	2007	28661158.0	False
KR	2006	27387746.0	False
KR	2005	26266740.0	False
KR	2004	25715198.0	False
KR	2003	24804558.0	False
KR	2002	24579070.0	False
KR	2001	23057706.0	False
KR	2000	22556998.0	False
KR	1999	20948210.0	False
KR	1998	18895036.0	False
KR	1997	21103538.0	False
KR	1996	20472754.0	False
KR	1995	19486228.0	False
KR	1994	18467238.0	False
KR	1993	17231358.0	False
KR	1992	16546875.0	False
KR	1991	16122327.0	False
KR	1990	14900459.0	False
KR	1989	14024653.0	False
KR	1988	13393172.0	False
KR	1987	12250708.0	False
KR	1986	11097904.0	False
KR	1985	10258325.0	False
KR	1984	9897342.0	False
KR	1983	9228945.0	False
KR	1982	8435294.0	False
KR	1981	8078341.5	False
KR	1980	7861819.0	False
KR	1979	8468624.0	False
KR	1978	8170155.0	False
KR	1977	7568410.5	False
KR	1976	6987973.0	False
KR	1940	3272236.8	False
KR	1939	2802478.3	False
KR	1938	3138053.3	False
KR	1937	3148748.0	False
KR	1936	2651687.5	False
KR	1935	2652011.3	False
KR	1934	2481034.3	False
KR	1933	2506383.8	False
LB	2014	16465825.2341	False
LB	2013	16934250.3947	False
LB	2012	18671753.5309	False
LB	2011	19971710.1304	False
LB	2010	20216819.3995	False
LB	2009	19876817.4295	False
LB	2008	19389729.9056	False
LB	2007	18381601.643	False
LB	2006	16717243.8909	False
LB	2005	16856457.6788	False
MU	2011	370301.97	False
MU	2010	361516.44	False
MU	2009	373161.22	False
MU	2008	380294.94	False
MU	2007	371547.53	False
MU	2006	350382.91	False
MU	2005	353124.28	False
MU	2004	350814.84	False
MU	2003	334841.31	False
MU	2002	316825.09	False
MU	2001	315968.22	False
MU	2000	305747.88	False
MU	1999	290955.56	False
MU	1998	289415.25	False
MU	1997	284259.0	False
MU	1996	271934.28	False
MU	1995	265186.44	False
MU	1994	261507.17	False
MU	1993	256457.81	False
MU	1992	252492.36	False
MU	1991	243766.17	False
MU	1990	217124.88	False
MU	1989	219270.75	False
MU	1988	211685.0	False
MU	1987	214464.19	False
MU	1986	180768.64	False
MU	1985	153825.25	False
MU	1984	141781.14	False
MU	1983	143418.95	False
MU	1982	139721.56	False
MU	1981	132335.55	False
MU	1980	132812.39	False
MU	1979	150020.97	False
MU	1978	179230.91	False
MU	1977	174485.06	False
MU	1976	174559.13	False
MU	1975	140530.81	False
MU	1974	161315.17	False
MU	1973	110490.88	False
MU	1972	115995.4	False
MU	1971	103476.83	False
MU	1970	100014.7	False
MU	1969	103713.98	False
MU	1968	101432.81	False
MU	1967	112840.77	False
MU	1966	110643.02	False
MU	1965	117882.63	False
MU	1964	117000.02	False
MU	1963	130077.66	False
MU	1962	116317.21	False
MU	1961	119294.84	False
MU	1960	98851.117	False
MU	1959	95774.0	False
MU	1958	93205.758	False
MU	1957	93462.258	False
MU	1956	92541.938	False
MU	1955	91504.18	False
MU	1954	91137.383	False
MU	1953	88434.703	False
MU	1952	87423.508	False
MU	1951	87108.086	False
MU	1950	84391.133	False
MW	1980	489005.81	False
MW	1979	455703.88	False
MW	1978	475046.41	False
MW	1977	464175.06	False
MW	1976	457323.69	False
MW	1975	441151.84	False
MW	1974	429195.78	False
MW	1973	409154.56	False
MW	1972	410424.19	False
MW	1971	380465.13	False
MW	1970	338780.06	False
MW	1969	347295.66	False
MW	1968	336899.59	False
MW	1967	354344.47	False
MW	1966	339025.78	False
MW	1965	306035.47	False
MW	1964	275792.22	False
MW	1963	276074.47	False
MW	1962	287649.69	False
MW	1961	292396.22	False
MW	1960	276099.72	False
MW	1959	275695.0	False
MW	1958	272246.59	False
MW	1957	267993.0	False
MW	1956	262486.34	False
MW	1955	247040.0	False
MW	1954	248444.42	False
MW	1953	243643.98	False
MW	1952	239087.69	False
MW	1951	234463.05	False
MW	1950	228484.44	False
MY	2014	50454.6807753	False
MY	2012	47590.134847	False
MY	2009	40719.2667702	False
MY	2007	43299.4442804	False
MY	2004	35318.5492986	False
MY	2002	30784.5551915	False
NG	1959	413371.22	False
NG	1958	403432.13	False
NG	1957	416736.97	False
NG	1956	406523.19	False
NG	1955	424414.59	False
NG	1954	421447.59	False
NG	1953	398535.5	False
NO	2011	688273.610625	False
NO	2010	690661.163947	False
NO	2009	689184.829761	False
NO	2008	721478.716325	False
NO	2007	729504.197811	False
NO	2006	724026.899215	False
NO	2005	717787.745219	False
NO	2004	690192.686857	False
NO	2003	664880.133859	False
NO	2002	657689.23819	False
NO	2001	652533.121414	False
NO	2000	633533.039176	False
NO	1999	608798.040256	False
NO	1998	596146.884253	False
NO	1997	589274.686248	False
NO	1996	558788.767994	False
NO	1995	529917.22727	False
NO	1994	507118.831542	False
NO	1993	480534.325489	False
NO	1992	471977.545966	False
NO	1991	453797.525582	False
NO	1990	443077.734314	False
NO	1989	436184.246175	False
NO	1988	436127.490419	False
NO	1987	452554.865646	False
NO	1986	452392.174884	False
NO	1985	445021.225122	False
NO	1984	420851.550485	False
NO	1983	396891.856811	False
NO	1982	384141.289122	False
NO	1981	390077.110299	False
NO	1980	386149.434163	False
NO	1979	365963.593709	False
NO	1978	354052.615038	False
NO	1977	353629.806684	False
NO	1976	351723.235046	False
NO	1975	343519.521866	False
NO	1974	341081.511945	False
NO	1973	328123.839313	False
NO	1972	313529.616336	False
NO	1971	304352.74063	False
NO	1970	290636.296557	False
NO	1969	280592.470272	False
NO	1968	268267.037498	False
NO	1967	263631.814752	False
NO	1966	254530.127231	False
NO	1965	246373.09202	False
NO	1964	234787.83416	False
NO	1963	228033.483373	False
NO	1962	219926.58299	False
NO	1961	217273.229117	False
NO	1960	204498.951871	False
NO	1959	194408.473556	False
NO	1958	187304.079458	False
NO	1957	189059.255913	False
NO	1956	184426.503592	False
NO	1955	175779.791319	False
NO	1954	173234.056614	False
NO	1953	165604.001713	False
NO	1952	160541.157598	False
NO	1951	156663.187557	False
NO	1950	149633.752211	False
NZ	1999	51642.801	False
NZ	1998	50639.602	False
NZ	1997	50282.602	False
NZ	1996	49226.0	False
NZ	1995	48801.602	False
NZ	1994	47749.301	False
NZ	1993	46445.199	False
NZ	1992	44819.801	False
NZ	1991	45518.102	False
NZ	1990	47093.602	False
NZ	1989	48914.0	False
NZ	1988	49966.5	False
NZ	1987	48268.602	False
NZ	1986	46564.602	False
NZ	1985	46837.5	False
NZ	1984	47907.898	False
NZ	1983	47321.0	False
NZ	1982	44258.801	False
NZ	1981	44500.5	False
NZ	1980	43181.699	False
NZ	1979	43520.398	False
NZ	1978	44410.898	False
NZ	1977	43706.301	False
NZ	1976	45137.898	False
NZ	1975	44655.699	False
NZ	1974	48300.898	False
NZ	1973	51650.398	False
NZ	1972	50498.301	False
NZ	1971	46047.602	False
NZ	1970	43604.102	False
NZ	1969	42925.898	False
NZ	1968	40632.5	False
NZ	1967	41145.102	False
NZ	1966	43068.801	False
NZ	1965	43494.602	False
NZ	1964	41647.102	False
NZ	1963	40381.102	False
NZ	1962	38322.102	False
NZ	1961	36559.102	False
NZ	1960	36725.5	False
NZ	1959	37467.801	False
NZ	1958	35231.0	False
NZ	1957	34279.301	False
NZ	1956	33789.801	False
NZ	1955	32554.699	False
NZ	1954	32595.5	False
NZ	1953	28748.301	False
NZ	1952	28334.699	False
NZ	1951	27581.9	False
NZ	1950	30760.699	False
PL	2015	50794.5	False
PL	2014	48885.199	False
PL	2013	47616.801	False
PL	2012	47140.801	False
PL	2011	46565.0	False
PL	2010	44367.801	False
PL	2009	43333.398	False
PL	2008	43202.398	False
PL	2007	40953.898	False
PL	2006	38867.301	False
PL	2005	37092.398	False
PL	2004	35773.0	False
PL	2003	35449.801	False
PL	2002	34904.398	False
PL	2001	34739.699	False
PL	2000	34803.602	False
PL	1999	33605.699	False
PL	1998	32458.801	False
PL	1997	31371.9	False
PL	1996	29754.1	False
PL	1995	28083.699	False
PL	1994	26187.301	False
PL	1993	24590.801	False
PL	1992	23586.5	False
PL	1989	28935.699	False
PL	1988	28776.199	False
PL	1987	27515.4	False
PL	1986	27331.6	False
PL	1985	26290.5	False
PL	1984	25496.301	False
PL	1983	24092.301	False
PS	2011	24956.3180994	False
PS	2010	22819.2148012	False
PS	2008	22423.7053318	False
PS	2007	21914.5044819	False
PS	2006	20732.354776	False
PS	2005	21910.5493275	False
PS	2004	19519.3169394	False
PS	1998	30933.8289232	False
PS	1997	26323.7154048	False
PS	1996	23659.0346023	False
RU	2015	643350.260535	False
RU	2014	673909.280602	False
RU	2013	670470.803252	False
RU	2012	673087.474626	False
RU	2011	652897.963474	False
RU	2010	607258.461555	False
RU	2009	581951.554157	False
RU	2008	643360.896916	False
RU	2007	618812.705475	False
RU	2006	567971.41499	False
RU	2005	524608.548258	False
RU	2004	494273.109808	False
RU	2003	450127.330424	False
RU	2002	426564.9842	False
RU	2001	407388.643871	False
RU	2000	382399.794098	False
RU	1999	340517.069979	False
RU	1998	303062.883377	False
RU	1997	325038.581001	False
RU	1996	318877.919249	False
RU	1995	287294.877331	False
RU	1994	339875.071727	False
RU	1993	413322.652094	False
RU	1992	464525.549913	False
RU	1991	576167.776364	False
RU	1990	549542.199491	False
RU	1989	564736.38767	False
RU	1988	561597.885848	False
RU	1985	549964.397047	False
RU	1980	527460.109893	False
RU	1976	500264.145777	False
RU	1972	439056.964522	False
RU	1968	389758.892665	False
RU	1966	349077.471132	False
RU	1964	317951.021998	False
RU	1961	279578.616157	False
SA	2008	114736.168392	False
SC	1971	108366.6	False
SC	1970	95357.813	False
SC	1969	88400.664	False
SC	1968	89645.523	False
SC	1967	83511.977	False
SC	1966	83884.086	False
SC	1965	73339.625	False
SC	1964	75681.719	False
SC	1963	72322.523	False
SC	1962	66085.289	False
SC	1961	61432.883	False
SC	1955	52274.828	False
SG	2014	84092.102	False
SG	2013	82852.5	False
SG	2012	80651.0	False
SG	2011	80185.398	False
SG	2010	77742.102	False
SG	2009	69297.297	False
SG	2008	74153.398	False
SG	2007	76943.797	False
SG	2006	73474.398	False
SG	2005	69932.602	False
SG	2004	66544.797	False
SG	2003	61423.699	False
SG	2002	59542.102	False
SG	2001	57734.699	False
SG	2000	59756.199	False
SG	1999	55864.102	False
SG	1998	54029.0	False
SG	1997	57804.102	False
SG	1996	55072.699	False
SG	1995	53483.102	False
SG	1994	53330.301	False
SG	1993	48765.199	False
SG	1992	46739.602	False
SG	1991	44921.301	False
SG	1990	44311.398	False
SG	1989	41731.5	False
SG	1988	38671.301	False
SG	1987	35369.602	False
SG	1986	33430.398	False
SG	1985	34561.301	False
SG	1984	35809.199	False
SG	1983	33278.0	False
SG	1982	31141.5	False
SG	1981	29969.6	False
SG	1980	28237.9	False
SG	1979	27518.801	False
SG	1978	26207.199	False
SG	1977	24845.1	False
SG	1976	24107.6	False
SG	1975	23572.9	False
SG	1974	23340.801	False
SG	1973	22867.699	False
SG	1972	21343.5	False
SG	1971	19446.0	False
SG	1970	18095.9	False
SG	1969	16527.0	False
SG	1968	15080.2	False
SG	1967	13737.5	False
SG	1966	12643.9	False
SG	1965	11723.0	False
SG	1964	11148.0	False
SG	1963	11935.0	False
SG	1962	11045.7	False
SG	1961	10553.7	False
SG	1960	9966.4004	False
SG	1959	9408.7998	False
SG	1958	9891.0	False
SG	1957	9915.0996	False
SG	1956	9866.5996	False
SG	1955	9908.0	False
SG	1954	9769.5996	False
SG	1953	9773.4004	False
SG	1952	9530.0	False
SG	1951	9316.2002	False
SG	1950	9127.7002	False
TH	2016	229678.7	False
TH	2015	223070.09	False
TH	2014	219037.91	False
TH	2013	216769.5	False
TH	2012	218556.0	False
TH	2011	212195.7	False
TH	2010	209089.8	False
TH	2009	196640.0	False
TH	2008	200693.3	False
TH	2007	202389.59	False
TH	2006	192834.41	False
TH	2005	183968.0	False
TH	2004	180210.2	False
TH	2003	171231.5	False
TH	2002	161405.2	False
TH	2001	152736.41	False
TR	2016	34634.9925323	False
TR	2015	34293.8394545	False
TR	2014	33889.6490851	False
TR	2013	33620.1444789	False
TR	2012	33069.5042341	False
TR	2011	33179.7350215	False
TR	2010	30993.4071199	False
TR	2009	28678.9496537	False
TR	2008	31327.4514116	False
TR	2007	31856.7616527	False
TR	2006	30987.4162235	False
TR	2005	29567.4364216	False
TR	2004	27648.1758021	False
TR	2003	25594.2378252	False
TR	2002	24913.6660098	False
TR	1994	23870.8229228	False
UG	1970	3131840.5	False
UG	1969	3196003.8	False
UG	1968	3220675.0	False
UG	1967	3266686.0	False
UG	1966	3410705.8	False
UG	1965	3557239.0	False
UG	1964	3565505.3	False
UG	1963	3288621.3	False
UG	1962	2875922.0	False
UG	1961	2703229.8	False
UG	1960	2850758.5	False
UG	1959	2791942.5	False
UG	1958	2716300.3	False
UG	1957	2760048.3	False
UG	1956	2695406.3	False
UG	1955	2596161.5	False
UG	1954	2492080.3	False
UG	1953	2600612.8	False
UG	1952	2552476.3	False
UG	1951	2457698.8	False
UG	1950	2641507.5	False
US	2014	67454.5059401	False
US	2013	66210.5268676	False
US	2012	65976.0226685	False
US	2011	64269.2004489	False
US	2010	63042.7862358	False
US	2009	61245.8360557	False
US	2008	63818.8963159	False
US	2007	65104.480227	False
US	2006	65750.7553345	False
US	2005	64057.8179511	False
US	2004	62585.943655	False
US	2003	60725.4950875	False
US	2002	59797.0380695	False
US	2001	59815.0110899	False
US	2000	60048.2325065	False
US	1999	58154.4368214	False
US	1998	56371.4027731	False
US	1997	54175.8818913	False
US	1996	52156.8969135	False
US	1995	50433.665838	False
US	1994	49353.3068099	False
US	1993	47763.7335091	False
US	1992	47302.9619014	False
US	1991	46248.0584348	False
US	1990	47075.8390506	False
US	1989	46971.0615551	False
US	1988	46300.3228281	False
US	1987	44389.7057503	False
US	1986	42979.1191265	False
US	1985	42569.5552858	False
US	1984	41699.4998409	False
US	1983	38965.2181675	False
US	1982	38165.4174705	False
US	1981	39452.5554006	False
US	1980	39162.4495556	False
US	1979	40382.0494146	False
US	1978	40255.7069836	False
US	1977	38913.5758982	False
US	1976	37794.7484564	False
US	1975	36475.6304223	False
US	1974	37807.4270371	False
US	1973	39019.8164838	False
US	1972	37447.5685422	False
US	1971	36120.2817597	False
US	1970	35936.7832548	False
US	1969	36811.7976855	False
US	1968	36318.9537212	False
US	1967	35265.9495751	False
US	1966	34765.4168903	False
US	1965	33193.2807937	False
US	1964	31533.8254954	False
US	1963	30262.5945266	False
US	1962	29247.8657595	False
US	1961	27825.4006809	False
US	1960	27430.4140676	False
US	1959	26897.0533713	False
US	1958	25349.5702358	False
US	1957	26033.3649372	False
US	1956	26009.7963136	False
US	1955	25600.2831	False
US	1954	23905.8926006	False
US	1953	24387.3634162	False
US	1952	23643.7936672	False
US	1951	23055.6704238	False
US	1950	21598.732265	False
US	1949	19845.3576953	False
US	1948	20545.1819519	False
US	1947	19666.1196485	False
US	1946	20386.9340662	False
US	1945	23239.4974621	False
US	1944	24116.8264767	False
US	1943	23356.7503441	False
US	1942	20228.4768519	False
US	1941	17142.6645639	False
US	1940	14473.1196878	False
US	1939	13362.3341584	False
US	1938	12498.4539234	False
US	1937	13500.5032293	False
US	1936	12736.9482716	False
US	1935	11536.236498	False
US	1934	10481.1757544	False
US	1933	9374.25124674	False
US	1932	9683.77518142	False
US	1931	11479.5978097	False
US	1930	12885.4843744	False
US	1929	14308.4090518	False
US	1928	13636.1337588	False
US	1927	13490.2546134	False
US	1926	13742.7166065	False
US	1925	13129.6838839	False
US	1924	12897.5694381	False
US	1923	13064.266696	False
US	1922	11609.7996902	False
US	1921	10696.1377585	False
US	1920	11861.1493768	False
US	1919	12124.8016958	False
US	1918	12795.9865088	False
US	1917	12094.6716246	False
US	1916	12287.9785199	False
US	1915	10776.6721116	False
US	1914	10566.629636	False
US	1913	11695.1608718	False
ZA	2012	119600.34	False
ZA	2011	120499.59	False
ZA	2010	117641.95	False
ZA	2009	113840.38	False
ZA	2008	115500.48	False
ZA	2007	114292.07	False
ZA	2006	111909.92	False
ZA	2005	107516.38	False
ZA	2004	103848.94	False
ZA	2003	99598.523	False
ZA	2002	99176.102	False
ZA	2001	98240.828	False
ZA	2000	98357.367	False
ZA	1999	97035.703	False
ZA	1998	98607.633	False
ZA	1997	101662.78	False
ZA	1996	101788.8	False
ZA	1995	98762.289	False
ZA	1994	99590.734	False
ZA	1993	99008.148	False
ZA	1992	99743.461	False
ZA	1991	104658.54	False
ZA	1990	107791.58	False
ZA	1989	111347.38	False
ZA	1988	112667.84	False
ZA	1987	110559.41	False
ZA	1986	108999.9	False
ZA	1985	112895.91	False
ZA	1984	118133.42	False
ZA	1983	113543.65	False
ZA	1982	119151.11	False
ZA	1981	126499.94	False
ZA	1980	128763.97	False
ZA	1979	118955.1	False
ZA	1978	116115.29	False
ZA	1977	115639.49	False
ZA	1976	118397.5	False
ZA	1975	123324.45	False
ZA	1974	129719.52	False
ZA	1973	122974.12	False
ZA	1972	114804.02	False
ZA	1971	114178.12	False
ZA	1970	111997.63	False
ZA	1969	110893.12	False
ZA	1968	107897.75	False
ZA	1967	105135.16	False
ZA	1966	99557.633	False
ZA	1965	97581.727	False
ZA	1964	95484.734	False
ZA	1963	90474.195	False
ZA	1962	86643.297	False
ZA	1961	83508.383	False
ZA	1960	82504.453	False
ZA	1959	82040.766	False
ZA	1958	79188.82	False
ZA	1957	79574.844	False
ZA	1956	78094.609	False
ZA	1955	74873.219	False
ZA	1954	72297.813	False
ZA	1953	69272.656	False
ZA	1952	68010.063	False
ZA	1951	68199.383	False
ZA	1950	67928.695	False
ZA	1949	68049.344	False
ZA	1948	67723.664	False
ZA	1947	64612.254	False
ZA	1946	65832.375	False
ZM	1970	27639.404	False
ZM	1969	27121.588	False
ZM	1968	28144.359	False
ZM	1967	28650.719	False
ZM	1966	27168.867	False
ZM	1965	29850.865	False
ZM	1964	26114.529	False
ZM	1963	23828.488	False
ZM	1962	23805.082	False
ZM	1961	25292.004	False
ZM	1960	25710.037	False
ZM	1959	24574.824	False
ZM	1958	20655.686	False
ZM	1957	22002.295	False
ZM	1956	21678.736	False
ZM	1955	19756.631	False
ZM	1954	20959.381	False
ZM	1953	20229.596	False
ZM	1952	19529.598	False
ZM	1951	18832.748	False
ZM	1950	18109.18	False
ZW	1984	1633.4219	False
ZW	1983	1736.4603	False
ZW	1982	1791.1628	False
ZW	1981	1839.653	False
ZW	1980	1698.2653	False
ZW	1979	1568.9656	False
ZW	1978	1556.4678	False
ZW	1977	1630.7749	False
ZW	1976	1790.0145	False
ZW	1975	1850.3999	False
ZW	1974	1891.1427	False
ZW	1973	1906.0275	False
ZW	1972	1915.7665	False
ZW	1971	1823.6664	False
ZW	1970	1728.9063	False
ZW	1969	1440.5765	False
ZW	1968	1311.6039	False
ZW	1967	1320.3431	False
ZW	1966	1241.6949	False
ZW	1965	1249.9694	False
ZW	1964	1220.3569	False
ZW	1963	1268.6184	False
ZW	1962	1222.3806	False
ZW	1961	1239.191	False
ZW	1960	1197.0797	False
ZW	1959	1174.7289	False
ZW	1958	1145.1803	False
ZW	1957	1165.2927	False
ZW	1956	1117.1638	False
ZW	1955	993.79443	False
ZW	1954	948.4964	False
ZW	1953	925.99072	False
ZW	1952	871.68964	False
ZW	1951	850.09644	False
ZW	1950	819.29901	False
